{
  "simulation": "SCX Self-Evolution v4",
  "parameters": {
    "N": 200,
    "M": 5,
    "eta": 0.25,
    "T": 20,
    "A_EXP": 0.6,
    "B_EXP": 0.8,
    "seed": 42
  },
  "expert_stats": {
    "accuracies": [
      0.885,
      0.79,
      0.74,
      0.815,
      0.56
    ],
    "avg": 0.758,
    "pairwise_agreement": 0.6599999999999999
  },
  "state_stats": {
    "rho": [
      0.27,
      0.29,
      0.28,
      0.16
    ],
    "mu": [
      0.2,
      0.6,
      0.8,
      0.4
    ],
    "delta": [
      0.3,
      0.0,
      0.0,
      0.09999999999999998
    ]
  },
  "theorem1_F1_bound": 0.0,
  "verification": {
    "convergence_S_t": {
      "status": "PASS",
      "initial": 0.014999999999999987,
      "final": 8.644856721230746e-05
    },
    "noise_rate_decay": {
      "status": "WEAKNESS",
      "initial": 0.03968253968253968,
      "final": 0.036231884057971016
    },
    "memory_growth": {
      "status": "PASS",
      "initial": 126,
      "final": 138
    },
    "F1_theorem1": {
      "status": "PASS",
      "bound": 0.0,
      "initial": 0.81203007518797,
      "final": 0.8925619834710744,
      "improvement": 0.08053190828310441
    },
    "Phi_decrease": {
      "status": "FAIL",
      "initial": 0.0,
      "final": 0.0026672951061922157
    },
    "convergence_rate": {
      "status": "PASS",
      "slope": -0.15182727968505746,
      "r2": 0.5443115123142612
    }
  },
  "discrepancies": [
    "Lyapunov function did not decrease significantly"
  ]
}