{
  "noise_rate_0%": {
    "noise_rate": 0.0,
    "test_accuracy": 0.7007481296758105,
    "scx_roc_auc": NaN,
    "scx_pr_auc": NaN,
    "loss_roc_auc": NaN,
    "loss_pr_auc": NaN,
    "n_flagged_scx": 354,
    "n_actually_noisy": 0,
    "state_metrics": {
      "0": {
        "n_samples": 822,
        "proportion": 0.11731126016840303,
        "consistency": 0.5912408690145986,
        "mean_noise_score": 2.6414491494387033
      },
      "1": {
        "n_samples": 1034,
        "proportion": 0.14756671899529042,
        "consistency": 0.6141199154658283,
        "mean_noise_score": 1.9520903742236448
      },
      "2": {
        "n_samples": 1050,
        "proportion": 0.14985014985014986,
        "consistency": 0.6122222150796296,
        "mean_noise_score": 1.9388391070401922
      },
      "3": {
        "n_samples": 730,
        "proportion": 0.10418153275296133,
        "consistency": 0.618036522469939,
        "mean_noise_score": 2.908014638575499
      },
      "4": {
        "n_samples": 553,
        "proportion": 0.07892107892107893,
        "consistency": 0.6202531573206751,
        "mean_noise_score": 3.7245532956750753
      },
      "5": {
        "n_samples": 933,
        "proportion": 0.1331525617239903,
        "consistency": 0.6323686957306182,
        "mean_noise_score": 2.0884490803937865
      },
      "6": {
        "n_samples": 1107,
        "proportion": 0.15798487227058655,
        "consistency": 0.6163806010594197,
        "mean_noise_score": 1.8426393124238938
      },
      "7": {
        "n_samples": 778,
        "proportion": 0.1110318253175396,
        "consistency": 0.613110532692802,
        "mean_noise_score": 2.68136240928222
      }
    }
  },
  "noise_rate_10%": {
    "noise_rate": 0.1,
    "test_accuracy": 0.7117206982543641,
    "scx_roc_auc": 0.5111705814401233,
    "scx_pr_auc": 0.10418375494005894,
    "loss_roc_auc": 0.5117083059638949,
    "loss_pr_auc": 0.10510973652731394,
    "n_flagged_scx": 511,
    "n_actually_noisy": 700,
    "state_metrics": {
      "0": {
        "n_samples": 560,
        "proportion": 0.07992007992007992,
        "consistency": 0.5666666600555555,
        "mean_noise_score": 5.653585269769209
      },
      "1": {
        "n_samples": 837,
        "proportion": 0.11945197659483374,
        "consistency": 0.5888092324774327,
        "mean_noise_score": 3.749711090614612
      },
      "2": {
        "n_samples": 1717,
        "proportion": 0.2450406736121022,
        "consistency": 0.5291205529416618,
        "mean_noise_score": 1.988927733610206
      },
      "3": {
        "n_samples": 966,
        "proportion": 0.13786213786213786,
        "consistency": 0.5338164188929146,
        "mean_noise_score": 3.496339966102134
      },
      "4": {
        "n_samples": 748,
        "proportion": 0.10675039246467818,
        "consistency": 0.530525840512849,
        "mean_noise_score": 4.333324923507307
      },
      "5": {
        "n_samples": 617,
        "proportion": 0.08805480234051663,
        "consistency": 0.5556455904920764,
        "mean_noise_score": 5.265148350996043
      },
      "6": {
        "n_samples": 714,
        "proportion": 0.1018981018981019,
        "consistency": 0.5326797323474946,
        "mean_noise_score": 5.191255492379399
      },
      "7": {
        "n_samples": 848,
        "proportion": 0.12102183530754959,
        "consistency": 0.5267295536032495,
        "mean_noise_score": 4.311472275419659
      }
    }
  },
  "noise_rate_20%": {
    "noise_rate": 0.2,
    "test_accuracy": 0.7221945137157108,
    "scx_roc_auc": 0.4972388612893853,
    "scx_pr_auc": 0.20163616885109148,
    "loss_roc_auc": 0.5046097494705251,
    "loss_pr_auc": 0.20324639108858492,
    "n_flagged_scx": 354,
    "n_actually_noisy": 1401,
    "state_metrics": {
      "0": {
        "n_samples": 1699,
        "proportion": 0.24247181390038533,
        "consistency": 0.49941141265499317,
        "mean_noise_score": 2.5178268195893345
      },
      "1": {
        "n_samples": 542,
        "proportion": 0.07735122020836306,
        "consistency": 0.46617465630791305,
        "mean_noise_score": 8.207000890306146
      },
      "2": {
        "n_samples": 1003,
        "proportion": 0.14314257171400027,
        "consistency": 0.4963442946413537,
        "mean_noise_score": 4.1706770122037
      },
      "3": {
        "n_samples": 706,
        "proportion": 0.10075638647067219,
        "consistency": 0.46624173204870945,
        "mean_noise_score": 5.961661827848106
      },
      "4": {
        "n_samples": 760,
        "proportion": 0.10846296560582275,
        "consistency": 0.5241228009027777,
        "mean_noise_score": 5.145658191526634
      },
      "5": {
        "n_samples": 548,
        "proportion": 0.07820750677893536,
        "consistency": 0.48692213543846313,
        "mean_noise_score": 7.8885513209252
      },
      "6": {
        "n_samples": 758,
        "proportion": 0.10817753674896533,
        "consistency": 0.5197889121416007,
        "mean_noise_score": 4.915126523761197
      },
      "7": {
        "n_samples": 991,
        "proportion": 0.1414299985728557,
        "consistency": 0.4984863715808948,
        "mean_noise_score": 3.9311312426523375
      }
    }
  },
  "noise_rate_40%": {
    "noise_rate": 0.4,
    "test_accuracy": 0.6628428927680798,
    "scx_roc_auc": 0.5080222976453883,
    "scx_pr_auc": 0.4024622731500057,
    "loss_roc_auc": 0.502099740205951,
    "loss_pr_auc": 0.3966960543713772,
    "n_flagged_scx": 0,
    "n_actually_noisy": 2802,
    "state_metrics": {
      "0": {
        "n_samples": 851,
        "proportion": 0.12144997859283574,
        "consistency": 0.34880532299680117,
        "mean_noise_score": 8.58858918106198
      },
      "1": {
        "n_samples": 1568,
        "proportion": 0.22377622377622378,
        "consistency": 0.3690476147420635,
        "mean_noise_score": 4.502459492268811
      },
      "2": {
        "n_samples": 689,
        "proportion": 0.09833024118738404,
        "consistency": 0.3209966097044832,
        "mean_noise_score": 11.082978333285569
      },
      "3": {
        "n_samples": 907,
        "proportion": 0.12944198658484374,
        "consistency": 0.333700841384295,
        "mean_noise_score": 8.163200848315368
      },
      "4": {
        "n_samples": 976,
        "proportion": 0.139289282146425,
        "consistency": 0.3748292305996699,
        "mean_noise_score": 6.972856937735631
      },
      "5": {
        "n_samples": 657,
        "proportion": 0.09376337947766519,
        "consistency": 0.36783358272027733,
        "mean_noise_score": 10.944858538241297
      },
      "6": {
        "n_samples": 642,
        "proportion": 0.09162266305123448,
        "consistency": 0.3367081996023711,
        "mean_noise_score": 11.303665310125188
      },
      "7": {
        "n_samples": 717,
        "proportion": 0.10232624518338804,
        "consistency": 0.370292882709205,
        "mean_noise_score": 9.878070908272601
      }
    }
  }
}