{
  "noise_rate_0%": {
    "noise_rate": 0.0,
    "per_class_noise": false,
    "test_accuracy": 0.7446384039900249,
    "scx_roc_auc": NaN,
    "scx_pr_auc": NaN,
    "loss_roc_auc": NaN,
    "loss_pr_auc": NaN,
    "confidence_roc_auc": NaN,
    "confidence_pr_auc": NaN,
    "errdriven_roc_auc": NaN,
    "errdriven_pr_auc": NaN,
    "n_flagged_scx": 403,
    "n_actually_noisy": 0,
    "state_metrics": {
      "0": {
        "n_samples": 1038,
        "proportion": 0.1481375767090053,
        "consistency": 0.6201027544867266,
        "mean_noise_score": 1.5409681708657468
      },
      "1": {
        "n_samples": 491,
        "proportion": 0.07007278435849865,
        "consistency": 0.6340801012242588,
        "mean_noise_score": 3.4721960820897264
      },
      "2": {
        "n_samples": 958,
        "proportion": 0.13672042243470814,
        "consistency": 0.5981210786169101,
        "mean_noise_score": 1.780465530569673
      },
      "3": {
        "n_samples": 1008,
        "proportion": 0.14385614385614387,
        "consistency": 0.5868055487094908,
        "mean_noise_score": 1.7210718086460146
      },
      "4": {
        "n_samples": 1082,
        "proportion": 0.1544170115598687,
        "consistency": 0.6323166900967857,
        "mean_noise_score": 1.4648450334602146
      },
      "5": {
        "n_samples": 543,
        "proportion": 0.07749393463679179,
        "consistency": 0.6261510055862493,
        "mean_noise_score": 3.6169788095214512
      },
      "6": {
        "n_samples": 905,
        "proportion": 0.1291565577279863,
        "consistency": 0.5952117794278698,
        "mean_noise_score": 2.22050270400704
      },
      "7": {
        "n_samples": 982,
        "proportion": 0.1401455687169973,
        "consistency": 0.636456204387305,
        "mean_noise_score": 1.7863776217708651
      }
    }
  },
  "noise_rate_10%": {
    "noise_rate": 0.1,
    "per_class_noise": false,
    "test_accuracy": 0.7211970074812968,
    "scx_roc_auc": 0.5108371650547011,
    "scx_pr_auc": 0.10102181939858934,
    "loss_roc_auc": 0.5129807017146482,
    "loss_pr_auc": 0.1046217169487911,
    "confidence_roc_auc": 0.4882659856395388,
    "confidence_pr_auc": 0.0975721593851863,
    "errdriven_roc_auc": 0.5039171895173163,
    "errdriven_pr_auc": 0.1006987425954175,
    "n_flagged_scx": 526,
    "n_actually_noisy": 700,
    "state_metrics": {
      "0": {
        "n_samples": 995,
        "proportion": 0.14200085628657058,
        "consistency": 0.543886090807091,
        "mean_noise_score": 3.2080684423258137
      },
      "1": {
        "n_samples": 1840,
        "proportion": 0.262594548308834,
        "consistency": 0.5282608634021739,
        "mean_noise_score": 1.856587741005669
      },
      "2": {
        "n_samples": 519,
        "proportion": 0.07406878835450265,
        "consistency": 0.5166987736764076,
        "mean_noise_score": 5.802138940496959
      },
      "3": {
        "n_samples": 687,
        "proportion": 0.09804481233052662,
        "consistency": 0.5516739382508491,
        "mean_noise_score": 4.206881045701532
      },
      "4": {
        "n_samples": 882,
        "proportion": 0.1258741258741259,
        "consistency": 0.5383597820789242,
        "mean_noise_score": 3.8970167941097036
      },
      "5": {
        "n_samples": 652,
        "proportion": 0.09304980733552162,
        "consistency": 0.5705521405828221,
        "mean_noise_score": 4.5454943957060685
      },
      "6": {
        "n_samples": 917,
        "proportion": 0.13086913086913088,
        "consistency": 0.5521628434308735,
        "mean_noise_score": 3.3911373578103614
      },
      "7": {
        "n_samples": 515,
        "proportion": 0.07349793064078779,
        "consistency": 0.558252420671521,
        "mean_noise_score": 6.120983553196435
      }
    }
  },
  "noise_rate_20%": {
    "noise_rate": 0.2,
    "per_class_noise": false,
    "test_accuracy": 0.7256857855361596,
    "scx_roc_auc": 0.5203881942539896,
    "scx_pr_auc": 0.2121724324655648,
    "loss_roc_auc": 0.5170461418033039,
    "loss_pr_auc": 0.21120078993154898,
    "confidence_roc_auc": 0.5092093767180723,
    "confidence_pr_auc": 0.2083149817087383,
    "errdriven_roc_auc": 0.5148831055132884,
    "errdriven_pr_auc": 0.20604525150387962,
    "n_flagged_scx": 351,
    "n_actually_noisy": 1401,
    "state_metrics": {
      "0": {
        "n_samples": 667,
        "proportion": 0.09519052376195233,
        "consistency": 0.4752623632708646,
        "mean_noise_score": 6.169833218518936
      },
      "1": {
        "n_samples": 1470,
        "proportion": 0.2097902097902098,
        "consistency": 0.5119047559325397,
        "mean_noise_score": 2.74380965188646
      },
      "2": {
        "n_samples": 810,
        "proportion": 0.11559868702725845,
        "consistency": 0.4829218050655007,
        "mean_noise_score": 5.208402093031528
      },
      "3": {
        "n_samples": 614,
        "proportion": 0.08762665905523048,
        "consistency": 0.4508686158039269,
        "mean_noise_score": 7.145646983508719
      },
      "4": {
        "n_samples": 778,
        "proportion": 0.1110318253175396,
        "consistency": 0.5231362406833762,
        "mean_noise_score": 4.839331453889669
      },
      "5": {
        "n_samples": 648,
        "proportion": 0.09247894962180676,
        "consistency": 0.5228909404016632,
        "mean_noise_score": 5.682830804883116
      },
      "6": {
        "n_samples": 813,
        "proportion": 0.1160268303125446,
        "consistency": 0.5006150003095531,
        "mean_noise_score": 5.1278519882617974
      },
      "7": {
        "n_samples": 1207,
        "proportion": 0.17225631511345796,
        "consistency": 0.4896437391093621,
        "mean_noise_score": 3.270383463757224
      }
    }
  },
  "noise_rate_40%": {
    "noise_rate": 0.4,
    "per_class_noise": false,
    "test_accuracy": 0.712219451371571,
    "scx_roc_auc": 0.4966697814793408,
    "scx_pr_auc": 0.39560871156700816,
    "loss_roc_auc": 0.49909572829327786,
    "loss_pr_auc": 0.3950579747126187,
    "confidence_roc_auc": 0.4923802940145522,
    "confidence_pr_auc": 0.39446733037394277,
    "errdriven_roc_auc": 0.5117735251107371,
    "errdriven_pr_auc": 0.4064814154189211,
    "n_flagged_scx": 134,
    "n_actually_noisy": 2802,
    "state_metrics": {
      "0": {
        "n_samples": 520,
        "proportion": 0.07421150278293136,
        "consistency": 0.34935897028311963,
        "mean_noise_score": 13.539535430976256
      },
      "1": {
        "n_samples": 1540,
        "proportion": 0.21978021978021978,
        "consistency": 0.3325757536957071,
        "mean_noise_score": 4.759020053609942
      },
      "2": {
        "n_samples": 803,
        "proportion": 0.11459968602825746,
        "consistency": 0.37816520936972464,
        "mean_noise_score": 8.426774978932807
      },
      "3": {
        "n_samples": 690,
        "proportion": 0.09847295561581276,
        "consistency": 0.3896135220245572,
        "mean_noise_score": 9.336097479957152
      },
      "4": {
        "n_samples": 1250,
        "proportion": 0.17839303553589267,
        "consistency": 0.358799995814,
        "mean_noise_score": 5.298124884536382
      },
      "5": {
        "n_samples": 506,
        "proportion": 0.07221350078492936,
        "consistency": 0.35210803278271846,
        "mean_noise_score": 13.625340327113745
      },
      "6": {
        "n_samples": 1009,
        "proportion": 0.14399885828457257,
        "consistency": 0.33515030993200084,
        "mean_noise_score": 7.364280327944325
      },
      "7": {
        "n_samples": 689,
        "proportion": 0.09833024118738404,
        "consistency": 0.37348814271569103,
        "mean_noise_score": 10.036211808743193
      }
    }
  }
}