{
  "noise_rate_0%": {
    "noise_rate": 0.0,
    "per_class_noise": true,
    "test_accuracy": 0.7446384039900249,
    "scx_roc_auc": NaN,
    "scx_pr_auc": NaN,
    "loss_roc_auc": NaN,
    "loss_pr_auc": NaN,
    "confidence_roc_auc": NaN,
    "confidence_pr_auc": NaN,
    "errdriven_roc_auc": NaN,
    "errdriven_pr_auc": NaN,
    "n_flagged_scx": 403,
    "n_actually_noisy": 0,
    "state_metrics": {
      "0": {
        "n_samples": 1038,
        "proportion": 0.1481375767090053,
        "consistency": 0.6201027544867266,
        "mean_noise_score": 1.5409681708657468
      },
      "1": {
        "n_samples": 491,
        "proportion": 0.07007278435849865,
        "consistency": 0.6340801012242588,
        "mean_noise_score": 3.4721960820897264
      },
      "2": {
        "n_samples": 958,
        "proportion": 0.13672042243470814,
        "consistency": 0.5981210786169101,
        "mean_noise_score": 1.780465530569673
      },
      "3": {
        "n_samples": 1008,
        "proportion": 0.14385614385614387,
        "consistency": 0.5868055487094908,
        "mean_noise_score": 1.7210718086460146
      },
      "4": {
        "n_samples": 1082,
        "proportion": 0.1544170115598687,
        "consistency": 0.6323166900967857,
        "mean_noise_score": 1.4648450334602146
      },
      "5": {
        "n_samples": 543,
        "proportion": 0.07749393463679179,
        "consistency": 0.6261510055862493,
        "mean_noise_score": 3.6169788095214512
      },
      "6": {
        "n_samples": 905,
        "proportion": 0.1291565577279863,
        "consistency": 0.5952117794278698,
        "mean_noise_score": 2.22050270400704
      },
      "7": {
        "n_samples": 982,
        "proportion": 0.1401455687169973,
        "consistency": 0.636456204387305,
        "mean_noise_score": 1.7863776217708651
      }
    }
  },
  "noise_rate_10%": {
    "noise_rate": 0.1,
    "per_class_noise": true,
    "test_accuracy": 0.7112219451371571,
    "scx_roc_auc": 0.4872109547544624,
    "scx_pr_auc": 0.08651578926863918,
    "loss_roc_auc": 0.48540366767641413,
    "loss_pr_auc": 0.08507320570386637,
    "confidence_roc_auc": 0.49513216729625026,
    "confidence_pr_auc": 0.0906311470807081,
    "errdriven_roc_auc": 0.4906891275138086,
    "errdriven_pr_auc": 0.08747538185783721,
    "n_flagged_scx": 487,
    "n_actually_noisy": 623,
    "state_metrics": {
      "0": {
        "n_samples": 1124,
        "proportion": 0.16041101755387469,
        "consistency": 0.5650948925768584,
        "mean_noise_score": 2.5632149676341696
      },
      "1": {
        "n_samples": 496,
        "proportion": 0.07078635650064222,
        "consistency": 0.5742607459884633,
        "mean_noise_score": 5.637574304394884
      },
      "2": {
        "n_samples": 607,
        "proportion": 0.08662765805622949,
        "consistency": 0.5560131730848434,
        "mean_noise_score": 4.653373158447333
      },
      "3": {
        "n_samples": 1611,
        "proportion": 0.2299129441986585,
        "consistency": 0.5749017106526312,
        "mean_noise_score": 1.8162107661157436
      },
      "4": {
        "n_samples": 546,
        "proportion": 0.07792207792207792,
        "consistency": 0.6132478560933048,
        "mean_noise_score": 4.603201730290312
      },
      "5": {
        "n_samples": 715,
        "proportion": 0.10204081632653061,
        "consistency": 0.5871794803290599,
        "mean_noise_score": 3.5984291603893737
      },
      "6": {
        "n_samples": 1090,
        "proportion": 0.15555872698729842,
        "consistency": 0.5675840912375127,
        "mean_noise_score": 2.7159760747612203
      },
      "7": {
        "n_samples": 818,
        "proportion": 0.11674040245468817,
        "consistency": 0.5664221612809018,
        "mean_noise_score": 3.6909775367619484
      }
    }
  },
  "noise_rate_20%": {
    "noise_rate": 0.2,
    "per_class_noise": true,
    "test_accuracy": 0.7017456359102244,
    "scx_roc_auc": 0.49792844321304514,
    "scx_pr_auc": 0.1785573317561352,
    "loss_roc_auc": 0.4986149523204561,
    "loss_pr_auc": 0.18059372144689595,
    "confidence_roc_auc": 0.4957385275548025,
    "confidence_pr_auc": 0.17795597728410156,
    "errdriven_roc_auc": 0.49471146015302037,
    "errdriven_pr_auc": 0.17799955487843233,
    "n_flagged_scx": 25,
    "n_actually_noisy": 1258,
    "state_metrics": {
      "0": {
        "n_samples": 1218,
        "proportion": 0.17382617382617382,
        "consistency": 0.5095785381162197,
        "mean_noise_score": 3.500814668191688
      },
      "1": {
        "n_samples": 965,
        "proportion": 0.13771942343370916,
        "consistency": 0.47772020168048357,
        "mean_noise_score": 4.93672793616954
      },
      "2": {
        "n_samples": 657,
        "proportion": 0.09376337947766519,
        "consistency": 0.4921359658464401,
        "mean_noise_score": 6.860458926088902
      },
      "3": {
        "n_samples": 822,
        "proportion": 0.11731126016840303,
        "consistency": 0.4975669041707218,
        "mean_noise_score": 5.217444669298538
      },
      "4": {
        "n_samples": 917,
        "proportion": 0.13086913086913088,
        "consistency": 0.5076335818638676,
        "mean_noise_score": 4.774322539660541
      },
      "5": {
        "n_samples": 741,
        "proportion": 0.10575139146567718,
        "consistency": 0.48043184324786326,
        "mean_noise_score": 6.118991357341585
      },
      "6": {
        "n_samples": 796,
        "proportion": 0.11360068502925645,
        "consistency": 0.5177973138920297,
        "mean_noise_score": 5.334452705516987
      },
      "7": {
        "n_samples": 891,
        "proportion": 0.1271585557299843,
        "consistency": 0.48279086604720045,
        "mean_noise_score": 5.021932999042046
      }
    }
  },
  "noise_rate_40%": {
    "noise_rate": 0.4,
    "per_class_noise": true,
    "test_accuracy": 0.68428927680798,
    "scx_roc_auc": 0.5027254047957094,
    "scx_pr_auc": 0.3563051483878727,
    "loss_roc_auc": 0.5039579194938473,
    "loss_pr_auc": 0.364882933203807,
    "confidence_roc_auc": 0.4962634618438882,
    "confidence_pr_auc": 0.35458183142997124,
    "errdriven_roc_auc": 0.5016088940963969,
    "errdriven_pr_auc": 0.35654191067888613,
    "n_flagged_scx": 165,
    "n_actually_noisy": 2489,
    "state_metrics": {
      "0": {
        "n_samples": 955,
        "proportion": 0.13629227914942202,
        "consistency": 0.38307154875945315,
        "mean_noise_score": 7.049173203736228
      },
      "1": {
        "n_samples": 1456,
        "proportion": 0.2077922077922078,
        "consistency": 0.36458332907986113,
        "mean_noise_score": 4.750563589541363
      },
      "2": {
        "n_samples": 136,
        "proportion": 0.019409162266305124,
        "consistency": 0.3308823490808823,
        "mean_noise_score": 50.487642175240865
      },
      "3": {
        "n_samples": 1030,
        "proportion": 0.14699586128157557,
        "consistency": 0.34983818362081986,
        "mean_noise_score": 6.930138747243171
      },
      "4": {
        "n_samples": 967,
        "proportion": 0.13800485229056658,
        "consistency": 0.3509134740170056,
        "mean_noise_score": 7.4053949647888295
      },
      "5": {
        "n_samples": 1271,
        "proportion": 0.18139003853289568,
        "consistency": 0.3767374726569193,
        "mean_noise_score": 5.391748291595334
      },
      "6": {
        "n_samples": 625,
        "proportion": 0.08919651776794633,
        "consistency": 0.3821333288751111,
        "mean_noise_score": 10.670232184725432
      },
      "7": {
        "n_samples": 567,
        "proportion": 0.08091908091908091,
        "consistency": 0.3991769500754458,
        "mean_noise_score": 11.72743140203728
      }
    }
  }
}