{
  "config": {
    "dataset": "bloodmnist",
    "data_root": "G:/Xiaogan_Supercomputing_data/SCX/scx-health/data",
    "model": "simple_cnn",
    "in_channels": 3,
    "num_classes": 8,
    "n_experts": 5,
    "n_states": 8,
    "batch_size": 128,
    "expert_epochs": 8,
    "lr": 0.001,
    "weight_decay": 0.0001,
    "device": "cpu",
    "output_dir": "G:/Xiaogan_Supercomputing_data/SCX/scx-health/results/routing",
    "seed": 42
  },
  "n_experts": 5,
  "n_states": 8,
  "worst_expert_accuracy": 0.8091201403098509,
  "single_best_expert_accuracy": 0.9123063431745104,
  "ensemble_accuracy": 0.9301373867290266,
  "scx_hard_routing_accuracy": 0.9213680210464776,
  "scx_weighted_routing_accuracy": 0.9321835720549547,
  "improvement_vs_best": 0.019877228880444298,
  "improvement_vs_ensemble": 0.0020461853259281515,
  "expert_test_accuracies": [
    0.8091201403098509,
    0.8994446068401052,
    0.9123063431745104,
    0.8962291727565039,
    0.8985676702718504
  ]
}