{
  "config": {
    "dataset": "bloodmnist",
    "data_root": "G:/Xiaogan_Supercomputing_data/SCX/scx-health/data",
    "model": "simple_cnn",
    "in_channels": 3,
    "num_classes": 8,
    "n_experts": 3,
    "n_states": 6,
    "batch_size": 128,
    "expert_epochs": 4,
    "lr": 0.001,
    "weight_decay": 0.0001,
    "device": "cpu",
    "output_dir": "G:/Xiaogan_Supercomputing_data/SCX/scx-health/results/routing",
    "seed": 42
  },
  "n_experts": 3,
  "n_states": 6,
  "worst_expert_accuracy": 0.8544285296696872,
  "single_best_expert_accuracy": 0.8629055831628178,
  "ensemble_accuracy": 0.9123063431745104,
  "scx_hard_routing_accuracy": 0.8722595732242034,
  "scx_weighted_routing_accuracy": 0.9137679041216019,
  "improvement_vs_best": 0.05086232095878407,
  "improvement_vs_ensemble": 0.0014615609470914892,
  "expert_test_accuracies": [
    0.8544285296696872,
    0.8629055831628178,
    0.8558900906167787
  ]
}